"y","x"
57.587525,-2.712498
54.977415,-3.274879
54.899292,-3.771451
55.403234,-5.737059
54.914383,-3.959336
55.872553,-4.167174
55.498626,-3.275838
55.638453,-4.646832
56.092203,-4.436726
55.377771,-5.687277
57.026076,-3.278292
55.399905,-5.547132
56.896636,-2.551546
55.790896,-4.210491
55.881531,-4.167674
55.917678,-2.473561
55.357597,-4.312488
54.984099,-3.478249
56.19398,-2.879827
55.382078,-4.440215
55.873933,-4.087323
55.900542,-2.13751
56.463029,-4.314335
55.810809,-4.099902
55.008408,-3.682431
55.889943,-4.200128
55.593575,-4.643808
55.970037,-2.778607
54.871888,-3.801419
55.334044,-3.522784
56.642128,-3.020682
56.437077,-2.804348
55.940789,-3.082205
54.947884,-3.828239
54.908254,-5.11358
55.658525,-5.76933
57.494454,-3.895305
55.017391,-3.682808
55.799874,-4.210999
55.07087,-4.264585
55.390422,-4.472312
55.6927,-4.17312
55.668212,-4.02865
56.417842,-4.327803
56.18511,-2.863513
55.563488,-4.356294
55.967307,-3.131009
57.603414,-3.817291
55.999796,-5.634045
55.556663,-2.786263
55.848098,-3.367127
57.429504,-3.358949
57.089186,-3.957096
55.894039,-3.272795
55.927352,-2.233625
56.164136,-3.925883
55.969392,-2.874722
55.223511,-4.273252
55.828007,-2.424582
56.382271,-2.932748
56.116526,-4.566965
55.999106,-3.51677
55.88522,-3.256519
55.11969,-4.926098
55.524011,-4.052906
55.752367,-2.017499
55.968989,-4.300766
57.03264,-4.118918
57.07526,-2.752131
55.845204,-3.6066
55.873643,-2.073489
57.041337,-4.135897
56.221155,-2.848197
56.047636,-4.417855
55.876492,-4.854887
56.007114,-2.570874
57.41886,-2.043271
54.949886,-4.476417
55.823835,-4.372015
56.798623,-2.320885
55.75975,-4.431881
55.737875,-4.159701
55.873548,-2.169377
55.949043,-3.162503
55.790608,-4.226426
56.074649,-3.182348
55.708931,-4.269532
55.852148,-6.307665
54.853692,-3.816186
55.73557,-4.287008
55.976754,-4.365342
55.701397,-4.189518
55.721621,-3.426388
55.948891,-3.178512
57.026408,-3.245355
56.784684,-3.892095
56.032391,-2.860099
56.372039,-4.373592
55.60763,-3.882633
55.017606,-3.667175
55.402751,-5.752816
55.602208,-4.660266
56.77808,-3.728093
55.776747,-3.986451
57.227033,-3.749041
56.039284,-4.385223
55.968387,-4.33278
56.15159,-3.538872
56.164385,-3.90979
55.930417,-3.930277
55.547678,-2.786084
55.634175,-3.200815
55.94006,-3.162234
56.332654,-4.063776
55.979923,-3.612183
55.971867,-2.394113
55.931227,-3.145963
56.174058,-3.120974
55.604895,-4.533426
55.400033,-4.441322
55.728938,-2.487195
55.554205,-4.371594
55.822271,-4.451747
56.753502,-3.547051
55.767767,-3.985994
55.359775,-3.618427
55.358882,-5.717089
55.555295,-2.976467
56.477879,-3.292273
57.268952,-4.464204
56.387586,-4.001948
55.879806,-4.263508
56.417827,-2.982247
55.438115,-3.020988
55.78377,-2.105208
55.963761,-3.467325
56.771435,-2.402458
56.107883,-4.550305
55.949193,-3.146494
55.665764,-4.171627
56.445954,-2.820757
55.940846,-4.363152
55.008623,-3.666802
55.969287,-4.284758
57.004864,-4.166741
55.554511,-4.355756
56.689381,-2.679115
55.78409,-4.560999
55.017173,-3.69844
55.828727,-2.057441
55.833793,-2.983436
56.554064,-2.774294
54.974733,-3.509153
55.367229,-2.892942
55.897761,-4.264554
57.452301,-2.793186
57.466463,-3.260289
56.716964,-3.594569
55.99813,-2.570742
55.368327,-5.702186
55.647082,-2.692738
55.703657,-3.425733
56.371406,-3.887751
55.892161,-4.072309
57.748992,-4.261511
57.239107,-4.130753
57.614022,-3.700634
55.511318,-2.848698
55.874203,-4.071352
55.873632,-2.08947
55.732169,-4.876198
55.881129,-3.608084
55.945216,-3.514662
57.257171,-2.04308
55.882589,-2.121461
57.617235,-4.085873
55.927408,-2.201619
55.412201,-5.737906
55.873661,-4.103294
55.997674,-3.628957
57.32705,-2.707447
55.408376,-4.473433
55.932083,-3.04995
55.987245,-2.891154
55.356709,-4.785776
55.897466,-4.280533
55.277497,-2.875185
57.603823,-2.963822
55.341601,-3.633454
56.014423,-2.8597
55.755801,-3.571051
56.10819,-4.051743
55.18251,-4.930704
55.348619,-4.311964
57.309621,-3.620145
57.244991,-3.749891
55.905601,-4.761017
56.07318,-3.326891
56.212172,-2.847999
55.373456,-5.528973
57.313795,-3.255059
55.855673,-2.073455
55.601585,-2.787162
57.950988,-4.003826
56.233395,-5.640017
55.90415,-4.824918
55.828601,-2.185144
55.899767,-4.616615
55.674614,-2.581921
56.187315,-4.620045
55.511427,-2.832865
55.964528,-4.044132
56.017125,-4.592457
55.56297,-3.864638
55.136116,-4.990071
57.119758,-2.819092
56.564257,-2.546698
56.190567,-3.95944
55.42939,-2.989158
55.429663,-3.763521
57.227715,-3.699377
56.076417,-4.323236
56.408971,-2.965812
55.765805,-4.575743
54.883165,-4.207267
57.264294,-3.651316
55.355063,-5.543117
56.074802,-3.166287
56.035412,-4.577629
55.890929,-3.544527
55.692418,-4.189016
55.986472,-3.788791
56.023407,-2.8599
56.183222,-4.378033
55.703845,-5.288045
56.582363,-2.514401
56.216466,-4.025271
57.703456,-2.84901
55.41103,-3.036084
55.409325,-4.426097
57.917666,-4.373416
55.449677,-2.641844
55.110426,-3.43588
55.792661,-2.184973
55.823526,-4.387962
55.111149,-3.373197
56.069093,-3.664098
55.810143,-2.392476
55.137189,-3.452528
55.545227,-4.371054
55.137001,-3.468209
55.083991,-4.030296
55.584257,-4.659051
57.679419,-3.50245
55.959814,-2.954594
56.40922,-2.933407
56.741473,-3.775464
56.769653,-2.778728
55.778214,-3.173355
55.758274,-3.363982
56.382854,-2.851789
55.576762,-2.31084
55.924102,-4.298104
56.063664,-4.515252
57.070448,-4.005597
55.171355,-3.595081
55.600937,-2.882374
56.371526,-3.142956
57.509774,-3.412008
57.5729,-4.049889
56.27336,-3.834464
57.298863,-3.752449
55.785468,-4.002844
55.667948,-4.044537
57.318813,-3.603943
57.109343,-7.296008
55.691629,-2.757155
57.842157,-3.770339
57.05785,-2.652857
57.337397,-3.554911
55.663171,-3.77401
55.957854,-3.899604
57.475094,-4.252894
56.211713,-2.912479
56.62674,-3.623363
57.181202,-3.813053
56.174245,-4.377478
57.458704,-4.410273
55.581725,-3.040576
57.33976,-4.518805
55.835218,-4.692135
55.827379,-4.180627
55.780755,-4.273707
55.809703,-4.163679
56.182911,-4.394129
55.739586,-3.427043
55.776228,-4.018315
57.27825,-4.448234
55.943235,-4.235179
57.305659,-3.57847
57.098164,-3.957569
57.574403,-4.468098
55.216916,-4.60304
55.91349,-4.809593
56.145036,-3.329366
55.342829,-3.53889
55.611041,-4.216236
55.921788,-3.193692
54.89031,-3.771057
57.009975,-3.080138
56.09364,-5.498133
57.066833,-2.653014
57.504228,-3.061325
55.972583,-4.573447
55.345637,-5.558053
56.978405,-2.273076
55.888373,-3.736303
55.061891,-4.264078
55.927132,-2.329645
55.317035,-3.443339
55.890227,-4.184152
55.870533,-4.278953
54.974538,-3.52477
55.737594,-4.175615
56.319098,-4.321788
55.593232,-4.659658
55.819534,-2.232978
55.639212,-2.454308
56.102021,-3.874542
55.95941,-4.33224
56.018515,-4.295688
55.959712,-4.316237
57.190418,-3.796956
55.918512,-2.137573
54.891638,-3.677559
55.954631,-4.572255
57.567727,-4.0914
55.478723,-3.449245
57.17978,-4.855418
55.307291,-3.506004
57.065971,-2.801416
55.814858,-4.371469
57.066076,-2.784927
55.863855,-4.150708
55.803678,-4.482494
55.954198,-3.515013
55.75479,-4.670649
55.428863,-3.052354
54.878206,-3.973168
57.647282,-3.559766
55.913914,-4.361512
57.351688,-3.040299
55.215215,-4.68154
55.909576,-4.105239
55.770106,-3.07747
55.819748,-2.041469
57.199396,-3.797392
56.174554,-4.361385
55.998538,-2.474549
55.836991,-2.42468
55.648602,-2.327299
55.587779,-3.342195
55.117866,-3.561587
55.373911,-5.513224
56.427656,-2.869004
55.836257,-4.64429
56.336588,-3.028684
55.399717,-4.457097
55.850307,-4.821008
54.862906,-3.801018
56.050024,-3.743561
55.79721,-4.354441
55.998203,-2.55471
55.610491,-4.692588
54.928905,-4.162947
55.906147,-4.297042
54.993811,-4.526027
56.743267,-3.644737
56.987271,-2.322508
55.973489,-3.403596
54.9749,-4.102915
54.880234,-4.363007
55.776488,-4.002383
55.006465,-3.056898
55.496875,-3.434081
56.680485,-2.662633
55.944437,-2.521919
55.819742,-2.057428
56.145671,-3.957154
57.318601,-3.62054
57.125609,-3.925976
55.517995,-3.133921
55.161526,-4.222624
55.732541,-4.860294
55.973771,-4.028593
55.054193,-5.03094
56.110786,-4.405731
55.871313,-2.760649
56.409169,-4.311063
55.319357,-4.846211
55.519703,-3.751707
56.915675,-2.190498
55.535942,-4.386344
57.551535,-4.249255
56.185222,-2.847404
55.119593,-3.420528
55.628435,-2.803582
57.690402,-4.006191
56.805784,-2.746725
55.787932,-3.09391
55.350583,-3.633824
55.855117,-2.376956
55.787197,-3.173625
56.808484,-4.089866
57.101345,-2.884712
55.513133,-4.622568
57.079161,-4.022568
55.39074,-4.45654
55.084251,-4.01464
55.024194,-4.355827
55.841504,-6.354441
56.825437,-2.370268
56.18353,-4.361937
55.364488,-5.528174
55.9581,-3.883596
54.988359,-3.072051
57.412867,-4.457215
56.392055,-2.819597
55.084021,-3.387934
57.289964,-2.889235
54.889619,-3.817802
55.731795,-4.892101
56.726358,-3.56228
55.745136,-4.255701
55.769382,-3.157149
57.645559,-3.693732
55.957873,-3.178785
55.602907,-3.580806
54.869225,-3.972729
56.101809,-4.405171
55.927251,-2.281635
54.961473,-3.821046
56.436971,-2.820564
55.857431,-3.335502
55.801594,-2.216919
57.67443,-3.116595
55.510375,-2.975354
55.933079,-4.298636
56.873603,-4.881261
57.050314,-4.136412
54.975116,-3.477919
55.39137,-4.424997
56.121867,-3.74681
55.774754,-2.137066
55.954969,-3.450976
55.944963,-2.377829
55.60105,-2.866506
55.918467,-3.497617
55.881812,-4.151701
57.21368,-3.740129
55.828494,-4.116821
55.995015,-4.350421
54.907815,-3.803023
56.986624,-4.182141
55.905243,-4.344986
55.680902,-3.790719
55.381762,-4.455984
55.846688,-2.073438
57.599005,-4.101564
55.864647,-2.08945
56.127469,-4.471141
55.772652,-4.225402
55.912386,-4.857526
56.164645,-4.409099
55.849199,-4.868863
55.328698,-4.831113
55.336669,-5.557248
55.951921,-4.251698
55.799586,-4.226939
56.470941,-5.175467
55.610362,-2.819087
56.390095,-3.840075
55.719954,-2.487083
56.047949,-4.401816
56.173307,-4.425752
55.227869,-4.509394
56.624029,-3.036491
55.73408,-3.840935
56.216181,-3.396329
55.728896,-4.159205
55.738978,-4.096041
57.745566,-3.925233
56.680397,-2.678954
55.980131,-3.596164
55.78163,-4.225914
56.702245,-3.316288
56.307879,-3.221872
57.171741,-3.845671
55.085221,-3.278307
55.94021,-3.146229
57.031508,-4.184772
55.655491,-2.788243
55.922891,-4.362058
56.014102,-3.741942
55.982553,-4.526013
56.131298,-4.012744
55.699658,-4.284909
57.291231,-3.652523
56.105509,-4.662733
57.089949,-3.907622
56.083226,-4.436159
56.033565,-6.26363
55.391056,-4.440769
54.832534,-4.017651
55.85881,-4.422088
55.512962,-2.563698
55.746819,-3.57069
56.029683,-4.416732
55.361253,-5.638382
56.415007,-3.290141
55.880964,-4.19962
56.285544,-4.190492
56.518788,-2.659808
56.136766,-4.455641
55.364032,-5.543919
56.299517,-3.156965
56.249058,-4.220691
54.890082,-3.786639
57.217115,-3.814814
55.609678,-6.296888
55.325383,-5.635091
56.16265,-3.36218
55.778365,-3.157416
57.075358,-2.735638
56.298824,-3.932655
55.618673,-2.914529
55.684729,-2.24808
55.970517,-2.698508
54.952257,-3.836246
55.364123,-4.43911
57.461482,-4.260392
55.783756,-2.121153
57.577861,-4.284333
56.679078,-3.739879
57.533661,-3.663481
55.163722,-4.568167
55.623358,-3.375173
55.923099,-3.049707
55.978144,-2.90697
55.977967,-4.301299
55.752358,-2.049362
55.904516,-4.808943
55.7882,-3.827538
57.492646,-4.012014
55.14509,-4.990743
57.198918,-3.830474
55.654489,-2.931257
55.66294,-3.789898
57.517939,-4.113597
56.007688,-3.549184
55.960815,-3.331052
55.849096,-3.958192
55.734582,-3.028715
57.098675,-3.924579
55.904464,-3.864998
56.054688,-4.514667
56.373981,-2.8354
55.860744,-2.984116
56.12276,-3.682502
56.409097,-2.94961
55.96627,-5.703041
56.194205,-2.847603
55.368757,-3.618794
55.771481,-4.289111
55.514168,-5.636648
55.939145,-3.946723
55.868773,-3.519675
55.15168,-4.269163
57.364336,-3.55605
56.7759,-2.410687
57.400966,-4.123499
56.003442,-5.810911
57.085549,-2.488351
55.803396,-6.414058
56.200303,-3.911575
56.532746,-3.196586
57.773254,-3.876261
55.809422,-4.179622
56.037422,-3.309613
55.325061,-3.52244
57.073531,-2.999511
56.469872,-3.194607
54.921819,-4.053328
56.191888,-4.394688
55.161529,-2.747076
55.922244,-3.145698
57.644655,-3.400489
56.419005,-2.820177
56.005327,-2.875534
54.872572,-3.754693
56.18079,-3.346712
55.347374,-4.800895
55.781665,-2.727013
56.075804,-3.825064
56.309904,-2.995638
55.885701,-3.208571
55.76411,-4.655344
56.67754,-4.376456
56.621288,-3.998007
55.363574,-5.559664
54.948349,-3.797031
55.907863,-3.625189
55.647425,-2.629186
57.118825,-2.951187
55.230691,-4.124258
57.401448,-3.457766
57.088927,-3.973586
55.170505,-4.223124
57.095462,-2.075898
55.206357,-2.763629
55.963569,-3.483338
56.548858,-3.376024
57.019098,-3.063932
57.43354,-3.758884
54.988079,-3.103301
55.870101,-2.936411
56.654297,-2.49907
55.168515,-3.799074
57.211432,-2.456903
57.0372,-3.047971
57.266158,-2.026511
55.448213,-5.092736
55.367368,-5.733674
57.265958,-2.225464
56.107994,-6.191395
55.011766,-4.527157
56.218523,-3.170649
55.403715,-5.721301
56.543925,-3.766204
56.621413,-3.313472
55.981724,-3.468005
57.652863,-4.104678
55.630496,-4.59863
57.878097,-4.067228
55.980506,-2.490354
56.661792,-3.690134
55.358402,-5.732828
55.808014,-2.823234
56.469715,-3.210834
55.254155,-3.441059
57.163005,-3.828699
55.719823,-2.518918
55.530847,-3.593758
55.927381,-2.217622
55.979712,-3.628201
57.073661,-2.98302
55.692801,-2.534468
56.269734,-5.627313
55.347734,-4.785145
57.32758,-3.620935
57.932768,-4.0197
56.05198,-3.599131
55.709397,-2.789329
56.07708,-2.893227
56.532902,-3.180332
55.54492,-4.386888
55.998054,-2.586774
56.194093,-2.863715
55.045394,-3.605721
55.997977,-2.602805
56.543188,-3.034281
55.964792,-4.028123
55.530931,-2.563955
57.079426,-4.006082
56.099034,-6.19042
55.864427,-2.249225
57.328003,-3.587734
56.332383,-4.079938
55.917445,-4.169679
56.428094,-2.804159
56.783157,-3.990237
55.891557,-2.137478
55.698863,-3.79154
55.969841,-4.701483
56.364887,-2.851388
56.116859,-4.550899
55.712639,-3.42606
55.428726,-3.068152
56.26414,-3.85017
54.882655,-3.677186
55.767257,-3.364296
56.364527,-5.118018
57.282252,-3.652121
55.700536,-4.237215
54.772185,-4.372251
57.788877,-4.028476
56.662231,-3.657521
55.386738,-5.688112
56.774696,-3.957056
57.33451,-2.940145
55.699953,-4.269011
55.790456,-2.759072
55.813926,-4.419298
55.744455,-3.745836
56.643012,-2.906563
55.353678,-5.740275
57.819119,-3.811299
56.741239,-3.791804
55.695526,-4.905336
55.972743,-3.467665
56.37387,-2.851588
55.945011,-2.361818
56.092767,-3.16683
55.979679,-2.666622
57.042785,-2.908041
54.881554,-3.755084
57.157809,-2.373585
55.806187,-4.354983
55.591601,-2.929766
56.039593,-4.369187
54.826513,-3.830533
57.013811,-2.454476
55.018239,-3.620277
56.059976,-2.76436
56.042297,-2.715856
56.859965,-2.698604
55.996228,-2.891361
56.357746,-3.57954
56.190311,-3.975543
57.027938,-3.080659
56.671985,-2.564576
55.862229,-2.776449
55.918281,-4.121714
55.782768,-4.162185
55.65419,-3.773604
57.137155,-2.902089
56.378345,-4.017659
55.787926,-4.369831
55.643616,-3.153437
55.618432,-2.946279
57.035389,-3.245656
55.55656,-2.802114
55.395835,-4.188382
55.88722,-3.816201
55.383092,-3.145841
57.691135,-3.251306
57.093225,-2.752495
57.522852,-3.796582
56.735392,-2.434763
56.216541,-3.364091
55.621391,-6.218699
57.180962,-3.829586
55.908743,-4.61722
56.352789,-3.223308
55.594766,-4.120086
55.002788,-4.526592
55.690113,-3.775231
56.048261,-4.385777
55.393785,-5.751965
57.025562,-3.327697
56.02493,-2.603225
56.060752,-3.615555
55.370169,-3.508392
55.693745,-2.232229
56.752758,-2.58214
55.629439,-3.613642
55.730418,-3.442633
57.587138,-4.268184
55.472319,-3.211708
55.823216,-4.403909
55.074858,-3.403279
55.173535,-4.930045
55.998907,-3.532797
56.695606,-5.178039
57.824783,-4.030494
55.451962,-3.432451
55.978376,-2.874925
56.693264,-3.315974
56.005388,-4.720007
55.906313,-4.729065
56.163884,-3.941975
55.828519,-2.233032
57.070183,-4.022079
54.952955,-3.789428
55.986038,-4.349876
55.460944,-3.432777
55.40812,-3.336097
57.560939,-2.645123
55.568642,-4.071095
55.381444,-4.471751
56.1961,-5.684863
55.636907,-3.72516
57.70028,-3.234843
55.881249,-4.183647
55.501995,-2.895991
56.518084,-4.252665
56.679752,-3.690939
55.988414,-4.221753
55.850458,-4.389614
56.208526,-3.960356
55.70196,-4.157719
57.581876,-4.050394
57.448765,-4.459624
56.197056,-5.652699
55.625943,-3.121155
55.600162,-6.311732
56.057237,-4.386332
55.824749,-4.324172
57.040635,-2.487762
57.574228,-3.966345
55.934257,-4.234662
56.399732,-2.997982
55.783624,-2.216819
57.760576,-4.11094
56.40934,-2.917204
55.801557,-4.115359
55.970731,-3.627824
55.688208,-3.902413
55.810763,-2.041459
57.078624,-4.055539
55.737311,-4.19153
55.166098,-3.955965
55.628223,-2.835341
55.788298,-2.049408
57.686416,-2.697666
57.226568,-3.782149
55.792174,-2.392295
55.70985,-3.64879
55.776415,-3.348673
55.837703,-2.073421
56.319016,-2.979708
55.880678,-4.215592
56.057547,-4.370288
57.068826,-4.104484
55.059316,-3.88812
56.387193,-3.370187
56.654515,-3.559306
54.832013,-4.048766
55.793659,-4.051121
55.909527,-2.137541
57.694907,-2.781707
56.342167,-4.031929
57.217237,-3.003394
56.29291,-2.865943
56.66329,-3.575985
55.934984,-4.651016
57.164862,-3.696491
55.814239,-4.403355
56.573241,-2.546828
55.916418,-3.657549
56.228414,-4.364699
55.870236,-4.29492
56.244843,-3.236
57.217823,-3.765166
55.289519,-3.489583
57.208137,-3.814374
55.672152,-3.774417
56.229929,-4.28412
55.661731,-3.138074
56.293934,-2.704398
56.111098,-4.389665
56.635507,-3.640044
57.207897,-3.830919
55.54461,-4.402722
56.214988,-5.654406
57.559642,-2.862373
55.372082,-5.576218
55.834868,-4.708083
55.961323,-3.659469
54.882869,-3.661606
57.059571,-4.120452
55.792224,-2.376348
56.830618,-3.042193
57.093125,-2.768996
57.672449,-4.005199
56.564185,-2.562968
57.32904,-1.993341
55.909282,-2.281505
55.735865,-4.271096
56.240123,-2.687275
57.077057,-2.339782
55.818368,-2.584066
56.248828,-2.735844
57.25397,-3.750317
55.649762,-3.423774
55.88209,-4.135728
55.58494,-4.627357
57.212249,-2.059583
55.651338,-3.2808
55.810518,-2.24888
56.22748,-4.413043
55.912037,-4.457412
56.672653,-5.976307
57.411363,-3.374924
56.059875,-2.780417
57.33036,-3.388506
56.228721,-4.348584
55.806277,-2.017524
55.979219,-2.746741
56.2787,-5.628163
55.906739,-4.265077
56.386081,-3.46733
56.143584,-3.458076
55.891345,-4.120243
55.703471,-3.44164
55.692981,-4.157224
55.046597,-3.511855
55.837285,-2.328883
55.747132,-4.144279
56.064185,-4.90089
56.076965,-3.744777
57.064416,-3.015757
55.713473,-4.906669
55.671688,-3.806199
55.467667,-4.192361
55.092445,-4.062068
56.334487,-3.950635
56.014471,-4.271382
55.554814,-4.339918
55.711149,-2.439228
54.943275,-3.835836
55.118934,-4.957414
55.483017,-5.625857
55.520302,-2.848891
55.99622,-4.286347
56.221043,-2.864321
57.694586,-2.832027
55.825764,-2.855533
57.030902,-2.652384
55.813294,-4.451183
57.226802,-3.765595
55.931877,-5.163219
55.788232,-4.353899
55.659496,-5.737611
55.19186,-4.915676
55.91422,-4.345528
55.988124,-4.23777
56.382741,-2.867981
55.614376,-3.374858
55.372695,-3.287562
55.432349,-4.617206
55.639386,-4.138387
55.81135,-4.546829
57.352501,-3.771627
56.07425,-4.435592
56.600427,-3.573366
56.082908,-4.452212
55.770328,-2.049385
56.488145,-3.162701
57.490163,-4.162048
55.701679,-4.173619
55.521255,-4.211183
55.954779,-3.466985
55.934201,-2.761881
55.483299,-5.127149
56.027909,-4.015384
56.52227,-3.342549
55.118264,-3.530242
56.643994,-2.75983
55.348916,-4.296208
55.054786,-3.574786
55.416459,-5.596039
55.848449,-3.335194
54.965749,-3.508817
55.362199,-4.533671
56.181211,-4.893601
55.810549,-2.232925
55.297367,-4.624062
56.558959,-5.247959
55.842112,-3.063492
56.505643,-3.21198
55.045994,-4.999005
56.061323,-4.627554
55.697845,-4.380289
56.391254,-2.932967
56.255743,-3.026514
56.181074,-3.991181
55.383993,-4.771905
55.397692,-3.462068
55.04961,-3.245866
55.399399,-4.472872
57.018371,-3.146263
55.595919,-4.532847
56.371894,-3.85539
55.351611,-3.555004
55.115084,-3.765311
55.924399,-4.282115
55.770311,-2.081263
56.586319,-3.230843
56.174095,-4.812498
55.655587,-6.270107
55.838629,-6.178302
55.876448,-4.439175
56.366727,-3.579911
55.932478,-4.330621
57.733367,-4.126152
56.57307,-3.604785
56.573691,-3.555978
57.650602,-3.652073
55.941152,-4.347156
55.752341,-2.081226
55.035692,-4.669528
56.175165,-4.3292
57.358863,-3.239974
55.531003,-2.548113
56.371674,-3.126771
55.78372,-2.153042
56.156513,-4.795106
55.818654,-2.520234
57.102107,-2.769182
57.293109,-2.009939
55.411717,-5.753667
57.102207,-2.752677
55.201209,-4.900642
55.987242,-4.285817
56.652562,-2.825242
54.992164,-4.604096
57.446128,-4.109451
57.090199,-3.89113
55.835499,-4.228992
55.792272,-2.3604
57.129388,-3.661825
56.020391,-4.432199
55.583912,-4.674897
56.060998,-6.250587
55.791181,-4.194555
55.845411,-3.590637
57.562886,-3.480929
56.496973,-3.179215
54.839381,-4.142581
55.653764,-5.140736
55.997102,-4.238289
56.794398,-3.843462
54.907472,-4.349003
55.338759,-4.784515
56.43549,-4.345103
55.571951,-3.865063
56.714535,-3.774195
57.752155,-4.076836
55.924695,-4.266125
57.470157,-4.277605
56.209232,-3.20261
57.07404,-2.933546
57.110882,-2.802385
57.607982,-4.102083
57.699948,-3.268389
56.675301,-3.315348
55.636715,-4.72617
55.918555,-4.105725
56.978582,-2.174368
56.564506,-3.571874
57.071993,-3.9067
55.758965,-3.300262
56.185543,-2.799078
56.158015,-3.732349
55.093182,-3.372581
56.325188,-3.287109
56.883344,-3.174947
55.88251,-2.185401
57.035713,-3.21271
55.935017,-3.610317
57.085896,-2.389361
55.168282,-3.814764
56.107551,-4.566367
55.807336,-2.918948
55.819639,-2.169142
57.523707,-4.297646
55.986644,-4.317847
55.729508,-2.312054
55.866586,-3.319837
56.248428,-2.800387
55.002377,-4.073079
55.812975,-4.467124
54.970455,-3.821453
57.367342,-3.290141
55.709224,-4.25363
54.785773,-4.124191
55.618765,-4.724923
57.579628,-3.581956
56.087484,-3.632746
56.573893,-3.539708
56.080902,-3.439638
55.79944,-2.759247
54.95774,-4.05516
56.771487,-2.386097
57.22749,-3.715932
57.149006,-2.307388
57.067985,-4.153924
55.03702,-4.998334
57.313459,-3.288252
55.918394,-4.585859
57.254378,-2.838653
55.366627,-2.971815
56.383072,-2.819404
55.417274,-3.320608
57.421188,-4.491085
55.799341,-2.775196
55.897801,-3.704737
56.314154,-4.095116
55.197565,-2.732041
55.873619,-2.105452
55.642683,-3.248741
56.681041,-2.548389
56.173858,-3.878042
55.078468,-3.810694
57.594195,-3.833563
56.005494,-4.270855
56.110472,-4.421796
56.905799,-5.705269
57.716859,-3.369703
55.873525,-2.185358
57.754798,-3.908918
56.041374,-2.860299
56.284038,-2.84959
55.698761,-4.332601
57.346377,-3.55529
55.655933,-4.218772
55.891193,-2.32934
55.31188,-3.4983
55.460614,-4.555801
57.571469,-3.514719
56.946473,-3.563257
57.322269,-3.305167
55.774798,-2.089243
55.592887,-4.675508
55.212954,-3.832515
55.960899,-4.252219
57.364964,-2.043207
55.748752,-3.411446
56.21837,-3.18677
55.918396,-2.217572
55.150747,-2.997942
56.785898,-3.810304
56.916298,-4.57235
55.859655,-3.111902
55.317348,-5.602819
56.04732,-4.433894
55.429131,-3.020756
56.563047,-2.774477
56.206022,-5.653552
57.687995,-2.295169
55.039104,-3.38638
57.6301,-3.048249
55.936235,-3.514311
55.730969,-3.394879
55.576366,-3.548014
56.014534,-2.843662
55.052911,-4.263571
56.684283,-3.315661
55.774345,-4.129829
55.044222,-4.247427
55.237091,-3.361808
56.539327,-3.424465
55.997732,-2.6509
55.834713,-3.717943
55.01082,-4.104795
56.097291,-4.163709
55.913297,-4.39348
56.293022,-2.849789
56.112926,-4.293266
55.134589,-3.656362
56.568191,-3.946375
56.417698,-2.998453
56.182598,-4.410224
57.47005,-2.826916
57.087601,-4.056036
56.045161,-3.422252
57.014536,-2.158069
55.990706,-3.468346
55.368086,-2.766741
56.073325,-3.985619
57.35903,-3.938192
57.466629,-3.243622
55.693259,-4.141328
55.366886,-5.749417
57.509517,-4.07972
56.119239,-3.923638
56.0024,-5.217115
56.27453,-3.753765
56.134412,-3.47382
57.218511,-3.715515
56.307055,-3.302662
55.017909,-5.043846
57.632906,-4.220783
57.09052,-3.115484
55.923141,-3.817881
55.584007,-2.723354
57.128406,-2.868839
55.447006,-5.140092
57.605709,-3.650035
55.614197,-3.390729
55.078204,-3.074453
55.768727,-4.43244
55.991528,-4.526599
57.119424,-2.868629
55.539608,-2.627462
55.377594,-4.203159
55.872833,-4.151204
55.356173,-3.870677
55.953639,-4.155686
56.000796,-3.372515
55.58302,-3.722796
57.520511,-3.245456
55.113124,-3.185132
55.767509,-4.001922
55.610671,-2.771469
55.941455,-4.33116
57.118886,-4.066028
56.379894,-3.207983
57.084142,-2.76881
55.487085,-2.23101
56.65423,-2.515379
57.623884,-3.634114
55.42771,-3.178737
55.770337,-2.017507
56.213082,-2.702914
56.283191,-4.31961
57.457145,-3.293303
56.573311,-2.530553
55.77909,-3.077718
57.290791,-3.685691
56.023696,-5.427582
55.864635,-2.105427
55.729119,-2.43943
55.89113,-4.600039
54.945162,-4.257509
55.922392,-3.1297
56.146177,-3.924984
56.235861,-3.235711
56.180965,-3.330608
56.113779,-3.68211
56.123943,-4.181295
56.52155,-3.407543
56.99772,-3.409014
55.295302,-4.718451
55.624144,-4.471127
55.873111,-4.135235
55.903694,-4.424886
55.968689,-4.316773
56.708062,-2.532449
56.564913,-3.539343
56.364661,-2.883756
55.40901,-4.441876
55.382425,-5.529772
56.051281,-2.716022
55.084198,-3.372273
54.785691,-4.590803
55.518565,-3.070585
56.762398,-2.418718
54.937389,-3.234589
55.977365,-4.333321
56.780239,-3.564519
56.396565,-4.00242
57.455382,-4.093314
57.273273,-3.651718
55.362652,-5.591153
55.965574,-3.980095
55.93278,-4.314629
56.698789,-4.198117
54.819225,-4.701926
55.801763,-2.073353
56.065034,-3.246301
55.32678,-5.587904
56.662183,-5.077285
57.032186,-2.322897
55.861107,-6.308658
55.810757,-2.057414
58.062225,-3.772743
56.416927,-5.511562
55.673561,-2.772706
56.138646,-4.359182
57.041055,-4.152365
55.788307,-2.017515
56.794825,-3.024827
55.962882,-2.394021
57.586533,-4.301608
56.541324,-4.449247
56.758897,-3.023848
56.119448,-4.42236
55.041595,-3.871634
55.964601,-4.524842
57.117133,-3.892503
55.227544,-4.5251
54.897892,-3.864961
55.885052,-6.135291
55.79618,-3.173895
55.678452,-3.265783
55.810579,-2.216969
55.704749,-6.148052
56.436639,-2.869209
55.810412,-2.296746
55.409637,-4.410318
55.832812,-4.372562
55.449047,-2.752501
55.975554,-5.840238
56.03213,-4.288471
57.393036,-3.407515
57.552418,-4.199166
55.82766,-4.164676
56.338365,-2.786094
55.026801,-3.651912
56.273216,-6.354962
57.456444,-3.359948
55.938117,-4.010717
57.703109,-2.89934
55.989672,-2.442382
55.807982,-4.259336
56.264619,-3.817899
55.307865,-3.458761
55.69273,-2.550375
56.25626,-4.31798
55.508845,-3.877914
55.868721,-4.374752
57.245448,-3.716766
55.63811,-4.6627
55.846451,-4.117798
55.449991,-4.175566
56.969304,-2.322352
55.505826,-4.542893
56.05436,-4.530708
55.412683,-4.694909
55.763673,-4.22489
55.703283,-3.457547
55.939908,-3.178239
55.074281,-4.546765
56.088112,-3.584556
56.397846,-3.921467
55.873036,-2.393111
57.275141,-2.026517
55.917725,-4.153691
56.555932,-3.538978
54.8835,-3.614864
55.91866,-3.481622
56.239497,-4.252414
57.132604,-2.910239
56.264855,-3.801763
56.229026,-4.332469
56.471723,-2.983638
55.391681,-4.409224
55.477486,-4.145432
57.978965,-3.937741
56.221682,-2.767577
55.828257,-2.34477
55.882328,-2.28131
55.989553,-2.474439
57.497682,-4.245941
56.951642,-5.002423
57.27349,-3.635143
55.948338,-5.701327
56.055979,-4.450502
56.59124,-3.589269
55.846588,-4.581086
57.631979,-3.701474
55.737026,-4.207443
56.284951,-2.704232
56.006944,-4.190735
57.152795,-3.910857
55.950185,-3.034426
55.889258,-3.672381
57.825051,-4.013669
56.491569,-2.708057
56.185043,-4.281452
55.888651,-2.856917
55.559022,-4.578048
56.307718,-3.23803
55.272754,-4.512225
57.487641,-3.744802
56.953531,-4.509128
55.622848,-4.534584
55.965055,-4.012114
55.4781,-2.230958
56.624163,-3.020197
55.564527,-2.944983
55.837241,-2.34485
56.351409,-4.016236
56.022251,-4.336029
54.862578,-4.346391
56.718981,-4.068555
56.645122,-3.591536
57.13588,-2.084241
57.256168,-3.584642
55.915288,-4.729696
55.868196,-3.160086
56.306778,-3.997718
56.13673,-3.264712
55.728874,-2.503116
55.720482,-2.3279
55.245823,-4.510525
57.070711,-3.989115
55.774639,-2.216769
57.566662,-3.113293
57.364969,-2.026583
55.787044,-3.189567
56.591347,-2.514523
54.810937,-4.670242
56.662447,-3.641214
55.622519,-4.550448
56.030307,-4.384669
55.787618,-4.385764
55.572665,-3.817512
55.792636,-2.200921
55.918367,-2.233571
56.64037,-3.216298
55.783137,-2.408149
56.585827,-3.279673
57.258335,-3.402373
55.947934,-3.274563
55.821308,-4.499583
56.160048,-4.634294
54.934057,-3.851026
57.593951,-3.850283
55.601882,-2.739554
57.031716,-2.471169
55.844477,-4.229506
56.023518,-2.843858
55.96031,-4.284229
55.904425,-4.608929
56.450063,-3.37245
56.014007,-4.736659
55.738452,-2.328051
56.02817,-3.999348
55.885465,-4.855546
57.111913,-2.620786
55.395266,-4.219934
55.909439,-2.201525
55.099836,-5.003038
55.61674,-4.391252
56.135969,-4.906297
55.178199,-2.935818
57.067767,-2.438644
56.253775,-4.446987
56.481886,-2.821533
57.582868,-3.297762
56.019754,-4.464253
55.909418,-4.585261
55.937855,-4.026715
55.905546,-4.329005
55.79438,-3.349294
55.02766,-5.013285
55.890792,-4.616011
57.012481,-2.734396
56.410992,-4.667832
56.535891,-2.806442
57.286901,-4.465404
55.819994,-4.563359
55.355931,-3.886441
55.079383,-3.748072
55.788073,-3.077966
57.457413,-4.476877
56.100775,-3.954875
55.60429,-4.088849
57.747252,-4.101761
56.408866,-4.327254
56.142609,-3.538513
55.95641,-3.322892
56.400493,-4.29433
56.553961,-2.790559
57.571865,-3.481294
56.75824,-3.858048
55.394749,-5.720458
55.988832,-2.634721
56.787915,-2.730001
55.697187,-2.558392
56.281702,-3.140275
57.392468,-3.457409
55.350793,-3.61806
55.148433,-3.248945
56.426937,-2.966268
56.61359,-3.916119
57.580647,-3.498376
55.62774,-4.725546
57.472495,-4.144326
55.799004,-4.258816
55.706196,-3.187109
56.12896,-3.875853
56.150876,-4.182821
55.685692,-3.425079
55.927174,-2.313641
57.539114,-3.179271
54.872118,-3.785844
55.362899,-4.012998
55.918493,-2.153573
54.97682,-4.478075
55.629849,-4.169639
55.999323,-5.650046
55.652748,-3.137814
55.79648,-3.142002
56.83034,-3.07496
55.907347,-2.745359
55.89687,-4.312489
56.200053,-3.927683
54.830909,-4.578127
56.797993,-3.581633
57.221232,-2.059597
55.712823,-3.41015
56.414837,-3.306344
55.578266,-3.389459
56.07893,-4.644826
55.669469,-3.265493
56.206497,-5.637465
55.809672,-4.626525
57.928414,-4.011011
56.219584,-5.800086
56.12779,-4.455069
55.810261,-4.131791
55.967777,-4.364794
56.617972,-3.60669
56.172863,-3.942429
56.203188,-2.847801
55.989861,-4.606666
55.991199,-4.542613
56.390334,-3.823886
57.534174,-4.214773
56.671556,-5.061722
56.060357,-2.700132
55.81135,-4.068011
57.076962,-4.154444
57.35819,-3.306442
55.864954,-4.086841
56.539513,-3.40821
56.316206,-3.286807
57.490726,-1.976631
56.454052,-4.313789
55.982219,-4.061095
55.464733,-4.350398
55.366109,-3.03491
57.194263,-2.092648
55.968083,-4.348787
56.060447,-2.684074
55.096427,-4.767632
55.600704,-2.914111
55.950318,-3.018416
55.826243,-4.691515
57.631524,-3.73495
55.223,-2.95259
57.283101,-2.507553
56.462407,-3.81111
55.789828,-2.854745
55.093004,-3.388245
55.990198,-4.590653
56.338261,-2.802268
56.101495,-4.421232
55.934546,-4.218668
55.651985,-3.217252
57.287546,-4.432256
55.816998,-2.823423
55.192787,-3.972984
56.307037,-3.981566
56.172609,-3.958525
55.384704,-4.740374
55.707738,-4.333136
57.595203,-4.318891
56.205944,-4.589065
57.703227,-2.882563
55.988904,-3.612557
55.449621,-4.649981
55.316658,-3.474842
55.92993,-5.56343
54.968266,-3.29021
55.545487,-3.832108
56.189946,-3.330919
55.420147,-3.020524
55.8627,-5.397388
55.620019,-4.216742
57.082898,-2.950267
56.281995,-3.107979
55.395552,-4.204158
55.990356,-5.6492
56.200864,-4.395248
56.090591,-4.517008
56.308797,-3.124918
54.850496,-4.018547
55.328332,-4.846855
55.637207,-2.835533
56.444467,-4.345656
55.749467,-3.347743
56.887724,-2.535002
55.536976,-3.800017
55.752928,-4.319897
56.302918,-2.704563
55.189524,-3.580098
55.85176,-2.983889
55.437287,-3.1158
55.781485,-3.667761
56.031228,-4.336571
55.378718,-5.65578
56.210152,-4.379701
55.214869,-4.697239
55.972916,-4.557441
57.674129,-3.150119
54.863389,-5.110119
55.687711,-3.934206
56.082162,-3.3272
55.452293,-4.52363
56.657683,-4.47311
56.681112,-2.532068
55.865224,-4.070874
55.443163,-3.416324
55.727813,-3.649547
57.069916,-4.038561
55.86462,-2.121405
56.783914,-3.237308
57.067584,-2.488115
55.825982,-2.823613
57.264511,-3.634745
55.700204,-2.820965
56.222413,-4.203019
57.078352,-4.072024
55.424962,-5.612624
55.23966,-3.849472
55.955341,-3.418956
55.221813,-3.094041
56.248531,-2.784252
54.888428,-3.895708
55.631797,-3.423122
56.276558,-2.591033
55.844187,-4.245463
55.575964,-4.626757
55.636361,-4.742036
56.774952,-3.940704
55.050816,-3.85641
56.509107,-4.252132
57.122333,-2.158529
57.50255,-3.244844
54.837983,-4.220373
57.518566,-3.429044
57.614905,-3.633711
57.631293,-3.751688
56.821498,-3.058323
57.003499,-2.734219
56.159331,-3.635794
56.955501,-3.144332
57.121498,-3.900985
55.010549,-4.120421
55.093531,-3.341252
57.455104,-4.109968
55.778949,-3.093658
56.662519,-2.662318
56.967211,-4.263263
55.548354,-4.656625
54.936263,-4.694159
55.583717,-2.77094
56.066524,-4.370839
56.865381,-3.174384
57.172223,-3.812613
55.592601,-2.786982
55.904995,-3.065213
55.697434,-3.886949
57.772805,-4.431171
55.839809,-3.30296
55.900366,-2.249455
57.52864,-3.329235
55.466172,-2.879361
57.348683,-3.35596
55.366242,-3.019136
56.213,-3.654204
55.909487,-2.169533
56.030616,-4.368637
57.093022,-2.785497
56.600227,-6.262144
55.89079,-4.152198
55.778514,-3.141476
57.128291,-2.885355
55.648513,-2.359078
55.981892,-4.558033
55.564404,-2.960836
55.53838,-2.833435
55.891312,-2.281375
55.519475,-3.767537
55.837533,-2.217119
56.871806,-3.42068
55.576565,-3.53216
57.237229,-2.705726
56.290096,-3.916056
56.122795,-5.420304
54.943743,-3.804632
57.41118,-3.391564
55.881337,-3.592106
55.977723,-3.77236
56.14788,-3.812382
55.996343,-2.875331
55.518519,-2.239113
55.102165,-3.372889
55.936624,-3.482308
55.053802,-5.046571
55.841095,-3.175248
56.074337,-3.21447
55.243021,-2.638509
55.609689,-2.91432
57.521152,-3.178692
56.157095,-3.796714
56.427542,-2.885215
55.853632,-2.712383
55.213463,-4.760032
55.069486,-3.810288
55.681235,-5.612369
57.311075,-1.993344
57.628439,-3.232403
55.925859,-2.649694
55.982223,-4.542023
55.010276,-4.136046
55.01898,-4.152153
55.904425,-3.129178
56.40845,-3.030622
55.909508,-2.153537
56.669405,-3.788392
56.245003,-3.219868
55.843894,-4.26142
55.145794,-3.484223
56.029367,-4.432764
55.619451,-2.803398
56.410127,-2.80378
56.354086,-4.372476
57.077803,-4.104993
55.008191,-3.69806
57.064934,-2.949808
56.119132,-4.438429
55.785398,-3.348983
57.595508,-4.302175
56.355904,-2.851187
56.562944,-2.790747
57.02267,-2.487526
55.848188,-6.419143
55.899505,-3.576856
55.873569,-2.153395
55.710941,-4.619892
55.607873,-3.866768
57.032371,-2.240522
56.073351,-3.310831
55.961153,-2.762411
55.866773,-4.886146
55.658969,-4.044069
56.25686,-4.285725
55.377071,-2.766915
55.06731,-3.951142
55.830134,-3.366497
57.34617,-3.5719
56.231103,-4.219652
55.79903,-2.823044
57.118699,-2.967699
56.069503,-4.210351
55.17216,-3.532307
57.6626,-3.761579
56.333714,-3.999126
57.665449,-3.116319
57.078893,-4.039053
55.74306,-3.841358
57.067701,-4.170403
56.451592,-3.226482
55.429764,-2.941761
56.668803,-3.054038
55.672703,-5.746828
55.428998,-3.036555
55.561508,-3.277875
56.817354,-3.467767
55.575549,-3.611431
57.502714,-3.228162
55.82897,-4.56395
56.037365,-2.787987
55.812006,-4.514948
57.491564,-4.078699
57.669195,-2.546464
56.341632,-4.064261
56.092143,-3.231104
55.837648,-2.137287
56.019433,-4.48028
57.43195,-3.109198
56.778836,-2.746189
57.443231,-4.275931
55.705068,-3.298472
55.62263,-3.438671
55.700246,-4.253113
55.899427,-4.63259
55.882366,-4.119754
55.783239,-2.376261
55.958026,-3.162773
55.354606,-5.558859
55.69153,-2.773061
55.415994,-5.611804
57.287225,-4.448831
57.01285,-2.668535
55.788349,-3.046079
57.805456,-4.113562
57.104131,-2.290508
55.961623,-2.68233
56.11663,-4.084364
56.567695,-3.295335
56.12967,-4.358633
55.889689,-3.640419
57.275136,-2.043101
56.042685,-4.658401
55.955625,-4.524258
55.015363,-3.823489
56.807258,-2.435595
57.299546,-3.702689
55.86037,-4.773789
56.236179,-3.203454
56.527061,-4.253198
55.975839,-3.179332
55.995452,-3.789206
55.628738,-2.755942
57.319024,-3.587346
55.872349,-2.568895
55.602348,-4.19987
55.834622,-4.276851
55.079245,-2.949169
56.089932,-4.549118
55.438101,-4.333004
55.559354,-4.562211
55.408694,-4.457655
56.166075,-3.797134
56.669792,-4.31068
57.374509,-3.456696
55.783699,-2.168986
55.819515,-4.116334
56.028429,-3.983313
57.137273,-2.88557
56.245919,-3.123073
55.74556,-3.666227
57.279235,-3.867638
56.60022,-3.589647
55.783739,-2.137097
57.368006,-3.223656
55.59172,-2.913902
56.376713,-3.499357
56.405281,-4.019085
55.97176,-2.426156
55.667682,-4.060424
55.87112,-4.247018
55.834489,-3.733901
57.019373,-3.030998
56.983338,-4.362996
55.425036,-4.537695
56.021946,-4.352058
56.5058,-3.195737
55.891574,-2.121489
55.598549,-3.167985
57.450201,-3.076423
55.885107,-4.45571
56.87389,-3.223872
54.822235,-4.094971
55.557998,-3.579002
55.962266,-2.554196
57.820696,-4.005007
57.561023,-2.628411
56.511622,-3.488429
55.602892,-4.628558
56.685889,-4.409641
55.850767,-4.373656
57.685821,-2.798283
55.88229,-2.297294
55.328526,-4.421156
57.267315,-3.402714
57.657961,-2.93174
55.961191,-4.236214
56.015784,-2.635163
55.534292,-3.974207
57.104091,-2.307015
56.118813,-4.454497
55.853764,-3.638905
57.49357,-3.244539
57.155659,-3.712603
57.058399,-2.537456
56.64252,-2.971775
57.163245,-3.812174
56.409459,-2.901001
57.147127,-3.67915
56.164633,-3.893697
57.694696,-2.815254
55.349374,-2.87677
55.903783,-4.840892
54.848863,-4.579273
55.756111,-4.144772
56.68929,-2.695439
56.098098,-3.504584
55.431467,-4.20616
55.02905,-4.090104
55.302213,-4.38804
56.155156,-3.925433
56.550234,-3.945453
55.145984,-3.468539
57.003259,-4.710109
55.18932,-3.595799
55.417842,-5.548742
55.435319,-5.566126
57.686166,-4.257594
55.828767,-4.100869
55.629907,-2.533611
55.224613,-2.716817
56.941243,-2.617946
57.458131,-3.19333
55.864394,-2.265202
55.694674,-3.425406
54.886419,-4.020344
56.644912,-3.607835
56.154905,-3.941522
56.883982,-4.38955
56.008149,-4.591855
56.717377,-3.561907
56.486167,-3.357514
57.077317,-2.224318
55.84179,-4.373109
57.781474,-3.927145
55.819616,-2.185101
56.16363,-3.958067
55.530457,-2.659001
57.119969,-2.786067
55.465336,-4.318793
56.67785,-4.36015
57.631753,-3.718212
55.817616,-4.674954
55.873387,-4.119264
57.498181,-3.628492
55.850379,-3.143582
55.451205,-3.495671
55.772362,-4.24133
57.264075,-3.667888
56.856852,-3.124918
56.635073,-3.672634
56.537768,-4.156246
55.368615,-4.20266
55.778949,-4.369286
56.735334,-2.451108
55.897169,-4.296511
55.161811,-4.20694
57.266154,-2.04309
56.187313,-3.556415
55.939754,-3.194244
56.054029,-4.546748
56.78052,-2.369825
55.68041,-3.059099
57.410996,-3.408204
57.089697,-3.924113
57.578543,-2.712322
55.818586,-2.536192
57.481754,-4.128187
57.059849,-4.103976
55.889656,-4.216104
55.585348,-3.548368
56.553519,-4.72668
56.408583,-3.01442
55.908747,-4.153193
57.326548,-4.268709
54.777333,-4.092649
57.092125,-2.917498
56.020074,-4.448226
55.04412,-3.69958
57.047568,-2.86695
55.044766,-3.652652
55.978919,-2.794811
55.301308,-3.931108
56.915649,-2.206922
55.997816,-2.634869
56.121604,-4.309872
55.802102,-4.083477
56.79469,-3.041196
55.756765,-2.152936
55.451966,-4.539425
55.018447,-3.604644
55.772068,-3.699243
55.97706,-4.349332
54.795025,-4.10912
57.254199,-3.73375
54.962617,-3.742997
54.926238,-3.772635
57.083022,-2.933772
57.084621,-2.686325
55.907437,-3.657166
54.921666,-4.53711
56.671414,-2.678792
55.339473,-4.753021
55.898392,-4.680514
55.91972,-4.521922
56.165221,-3.104613
55.71796,-3.712812
55.738705,-4.111956
55.005934,-4.370395
55.076237,-3.27802
56.427988,-2.82037
55.531659,-2.373854
57.426294,-2.6261
55.952979,-3.611062
55.661919,-5.173197
57.336559,-3.621331
56.426819,-4.328351
57.736589,-3.924756
57.500265,-4.095884
57.083143,-2.917276
55.970518,-3.643839
57.747775,-4.328656
57.49101,-4.11204
56.442777,-5.221803
56.385888,-3.48352
56.102121,-4.389109
54.953184,-3.773821
55.81519,-6.335522
54.841515,-4.018099
56.43297,-3.290749
55.852872,-4.261941
57.538306,-3.262768
55.812691,-3.318012
55.944661,-4.155186
55.783651,-2.200875
57.299991,-3.669514
55.926983,-4.138197
56.212797,-2.751276
55.621673,-3.518038
55.069252,-3.82594
55.758096,-3.379912
56.461931,-3.080756
55.82868,-2.121293
55.97157,-4.621463
55.529395,-2.833245
55.950735,-4.3157
55.444603,-4.459888
56.145546,-3.281097
56.290685,-3.140542
55.721805,-3.410473
56.00544,-2.859501
54.854382,-3.769482
56.191074,-3.927232
55.174286,-4.898685
56.207736,-3.347657
56.567524,-3.311604
56.200405,-3.186215
56.534205,-3.034036
57.041385,-2.224101
55.970695,-2.666468
57.040503,-2.520718
56.25014,-4.624338
55.923907,-4.746311
55.908487,-3.577221
57.626688,-3.75984
56.994436,-4.248452
56.026436,-4.577031
57.113403,-2.108957
56.255608,-3.042651
55.711031,-2.471057
55.594255,-4.612106
55.986704,-3.772771
55.935519,-2.505792
55.920693,-4.473967
54.750608,-4.946028
55.105412,-3.811912
55.902741,-4.472823
57.254427,-3.717184
56.521733,-3.391295
55.998707,-3.548824
55.485937,-3.591944
57.35556,-3.539056
56.401038,-2.81979
55.361721,-5.622639
55.45647,-2.974023
55.69068,-4.284385
55.074485,-4.061143
55.155963,-4.913055
54.863136,-3.785447
55.638628,-3.598133
55.808564,-4.227451
54.987977,-4.369336
57.438303,-3.375934
56.395812,-3.402899
56.688057,-3.740294
55.658703,-4.059952
56.324995,-3.982497
55.396523,-3.556767
55.934806,-3.626317
56.386831,-3.402569
56.363982,-4.324517
56.75543,-4.037843
55.213892,-2.968089
55.838937,-3.382774
57.588397,-3.599065
55.660968,-3.217531
57.121721,-2.422767
56.16649,-4.312567
55.169092,-2.951303
55.013847,-4.840157
55.798922,-2.838993
55.118066,-3.545915
55.908975,-2.393474
55.223146,-4.729251
55.154448,-4.975744
57.545122,-3.4635
57.529157,-3.279152
55.898459,-2.729196
56.391947,-2.835793
56.21926,-3.090042
57.055567,-2.999028
57.431802,-3.12585
56.078924,-3.600247
55.366873,-4.297248
55.646073,-6.284975
55.770286,-2.113141
57.447283,-3.376271
56.128108,-4.438997
56.147315,-4.375814
56.237391,-4.365253
56.445151,-2.934288
55.942057,-4.299168
55.79193,-3.556556
55.87824,-3.815781
55.712453,-3.441971
56.717581,-3.545576
56.991723,-3.112526
55.646626,-6.269131
56.323405,-4.07945
57.494703,-3.878631
56.726763,-3.529609
55.370221,-5.639206
55.892429,-4.056331
55.862329,-2.760473
57.643428,-2.010037
56.765718,-3.956589
56.416054,-3.906174
55.365915,-5.780901
56.203077,-2.863917
55.500339,-4.368354
55.547576,-2.801931
55.106493,-4.282278
54.894408,-4.550991
55.88264,-4.10378
55.346551,-5.526577
54.941326,-3.960646
57.468163,-3.076951
56.978288,-2.32243
57.582944,-3.983543
55.266958,-4.779486
55.510721,-3.751308
56.050578,-2.828394
55.438401,-4.317212
56.585112,-4.012381
56.482097,-2.789064
57.787783,-4.095706
57.246211,-2.705897
55.351904,-2.387928
55.69833,-2.176572
57.027352,-3.146539
57.523119,-2.944995
56.035746,-4.561597
55.763523,-3.666994
56.680407,-3.641996
55.58453,-3.611799
56.223611,-3.856281
56.35034,-4.080916
54.812441,-4.141154
55.625581,-2.493851
54.860171,-4.876092
55.380598,-4.029682
55.628114,-2.851221
56.051373,-2.699969
55.946095,-4.323431
55.805881,-4.370923
54.934991,-3.78863
57.095023,-2.339947
56.674413,-3.396919
55.878915,-4.311421
55.846545,-2.201199
55.619754,-2.755769
55.948161,-5.853548
55.911498,-3.321362
55.936117,-2.329721
57.319976,-2.142776
55.783783,-2.089264
54.934528,-3.819828
56.61776,-3.622978
55.617048,-4.375389
55.539829,-3.594121
56.177653,-4.651615
55.395493,-3.635677
55.687598,-3.250172
56.172026,-4.490114
56.784931,-3.875738
56.004985,-5.610462
56.717782,-3.529244
56.710541,-4.035414
56.413404,-3.435964
57.760295,-4.127734
55.642843,-3.232857
55.487114,-2.215186
55.669632,-3.249599
54.838548,-4.189257
57.577252,-4.317748
55.327701,-5.556444
55.341325,-2.73469
55.975823,-4.413371
55.620665,-3.597401
55.810748,-2.07337
55.631612,-3.439
55.940384,-3.866724
55.500583,-3.830022
55.863945,-2.424974
55.836073,-4.197084
55.871118,-4.69462
55.390101,-4.488083
55.760994,-4.368197
57.696977,-2.295242
55.42589,-5.581086
56.668252,-4.392193
55.881406,-2.553042
56.102431,-4.373047
55.917615,-2.489559
55.639662,-4.122512
56.162152,-4.304253
55.162779,-3.563343
55.381969,-5.545525
55.778641,-4.385215
56.717045,-2.532576
55.99681,-4.254308
57.457084,-4.493527
54.829908,-4.624779
56.074566,-4.419542
57.626211,-4.086388
56.5094,-4.235897
56.508811,-4.268367
54.982924,-3.571971
57.074953,-2.801609
55.662442,-3.058614
57.68311,-3.150404
55.780459,-4.289638
55.401779,-5.784329
56.072311,-4.531885
57.681648,-3.301291
55.298985,-4.072771
56.008087,-3.517122
57.064549,-2.99927
56.414782,-3.987166
56.201484,-4.363041
55.749114,-3.379595
55.366501,-2.987589
55.035817,-4.215656
57.318169,-3.653732
55.731327,-3.363042
57.49662,-3.745231
55.85565,-2.105403
56.771381,-2.418818
54.969823,-3.134043
56.95386,-4.492703
55.774771,-2.121125
56.609304,-4.176618
56.125701,-5.782761
55.606509,-4.45414
57.265765,-3.535308
57.513811,-4.347116
57.604483,-4.302743
57.588184,-3.615784
57.564908,-3.297123
57.202191,-2.522993
56.148348,-3.780208
57.764027,-3.892594
57.267129,-3.419289
56.454354,-4.297577
55.788436,-3.8116
56.276279,-4.206116
57.054036,-3.905779
55.184002,-4.867969
57.367843,-3.240277
56.015636,-3.629713
55.247729,-3.204865
56.46333,-4.29812
56.174203,-3.104871
57.320056,-1.976739
55.507443,-3.291957
56.07264,-4.515837
56.171808,-3.346398
55.015596,-3.807859
55.948874,-3.899164
57.582053,-4.535535
56.142098,-4.633066
55.861877,-3.703163
55.942983,-2.794074
55.34832,-4.32772
55.684002,-4.15673
56.680968,-2.56471
55.43201,-4.632992
56.697264,-3.724387
55.977667,-4.31731
57.158219,-2.191745
57.654001,-3.367333
55.647816,-3.582615
55.116915,-4.204463
55.819022,-2.424484
55.88345,-4.055856
57.101227,-2.901216
55.855564,-4.581682
55.476191,-2.721377
56.23292,-5.656115
56.15364,-5.600244
55.930308,-4.442559
57.573746,-4.501505
55.863008,-4.198605
57.329034,-1.960125
56.054834,-4.916251
56.345197,-3.837912
55.891801,-4.568094
56.782894,-4.006592
54.896421,-3.958463
54.978386,-4.400028
57.058468,-2.52097
56.715756,-2.777614
55.988203,-2.746914
55.908693,-2.473451
56.662585,-5.060994
56.329278,-2.802079
56.218214,-3.202891
55.899742,-5.672686
55.800697,-4.62592
56.727686,-4.085379
55.924616,-4.714343
56.762279,-3.563772
56.105446,-3.633507
57.255532,-3.634347
56.410021,-2.819983
56.839462,-3.05883
56.185438,-2.815187
55.839467,-3.334886
57.263854,-3.68446
56.307224,-3.286505
55.477229,-4.620182
56.156384,-3.844986
57.342843,-3.023434
56.007187,-2.554839
54.930385,-3.796229
55.016704,-4.277172
57.404404,-3.174939
57.028079,-3.064189
54.935599,-4.288196
56.194527,-2.799264
57.003401,-2.75068
56.244681,-3.252132
54.859801,-4.89165
55.936073,-2.345728
55.711279,-4.603994
55.032129,-3.902488
57.679617,-3.485688
57.082771,-2.966763
57.237357,-3.650112
55.967008,-3.163042
55.146853,-4.033488
55.64078,-3.423448
55.531558,-2.405538
55.970331,-2.730548
56.081906,-5.593543
55.851379,-4.341739
57.644712,-4.053937
55.679348,-5.67585
55.127143,-4.9894
56.697037,-3.740708
56.025037,-3.598017
55.877476,-3.128395
57.498271,-4.212597
57.216633,-3.847912
55.858108,-3.27162
55.283949,-4.402692
55.651666,-3.249027
56.344956,-3.854082
56.149259,-3.715856
56.469065,-3.275742
55.605917,-3.326941
55.648643,-2.31141
56.679722,-2.793193
56.285899,-3.576575
55.622443,-3.454544
55.603745,-4.120571
55.785743,-3.317101
55.773789,-4.161688
55.871181,-6.277782
57.331076,-3.32209
55.866414,-3.335811
55.073545,-3.512872
56.027113,-4.063488
56.678849,-3.756192
55.7106,-4.63579
55.862433,-4.230535
55.943788,-3.626693
55.078699,-3.795039
55.804854,-3.206065
55.06397,-3.559488
57.612675,-2.980794
57.479246,-2.79377
54.98352,-4.587905
56.175055,-3.797553
56.347245,-2.802456
57.573414,-4.518208
56.598281,-4.290019
55.023874,-3.119926
56.351671,-4.000065
56.505483,-3.228222
56.169023,-4.634909
56.171632,-3.362498
55.858272,-3.255649
55.829631,-4.532055
55.465035,-4.334595
56.006882,-2.618981
56.787819,-2.746368
55.222876,-2.968307
55.810012,-4.610586
56.875938,-4.339801
56.850497,-2.780407
55.966834,-3.900044
57.718121,-3.957355
55.418302,-4.426648
55.545923,-3.023781
55.083476,-3.434914
55.48391,-2.911404
55.611327,-4.200373
55.376971,-2.782694
55.981558,-4.574043
55.48367,-2.943046
55.728808,-2.519038
55.737923,-2.487307
55.416922,-5.580274
54.853222,-3.847321
55.711796,-2.18459
56.105657,-3.617436
54.742009,-4.929864
55.962618,-4.156185
57.632425,-3.667996
55.475727,-5.245264
57.544203,-5.703039
56.453227,-3.048059
55.421508,-3.344449
55.539267,-2.69084
55.881543,-3.576128
56.058159,-4.3382
55.980542,-3.564125
56.032501,-2.844054
57.495386,-3.044384
55.714867,-3.219208
57.116883,-3.909007
56.652813,-3.689732
56.199101,-3.315118
56.627161,-3.590779
55.818648,-4.62713
56.051771,-3.61518
56.374308,-5.086419
56.329382,-2.785909
56.726561,-3.545944
54.84471,-3.815782
55.558402,-3.547308
56.083245,-4.653159
56.726028,-2.532703
56.419111,-2.803969
55.855662,-2.089429
56.574516,-4.109497
54.979235,-3.087433
55.187239,-3.399374
56.48686,-3.292579
56.014551,-3.709877
55.106461,-4.721286
56.646721,-3.46113
54.978208,-3.196779
56.073065,-4.001673
56.438652,-5.692098
55.600822,-2.898242
57.202449,-2.456792
56.012406,-5.811795
55.217848,-3.471185
56.354395,-4.356308
56.249633,-4.18844
55.46692,-3.670271
57.0553,-3.031994
56.435183,-4.361306
56.244181,-3.300526
55.055998,-4.561263
56.188995,-4.539568
55.729231,-4.605189
57.270257,-3.867183
57.110327,-2.884926
55.943361,-3.6587
56.785176,-3.85938
56.257157,-4.269597
55.858434,-3.239677
54.819913,-4.670835
55.881477,-2.537059
56.016263,-3.581612
55.484447,-3.702664
55.466285,-2.863547
57.644468,-3.417235
56.042999,-3.598759
55.060035,-3.841178
55.811679,-4.530889
55.00615,-5.152452
57.848904,-4.200366
55.823586,-6.352435
57.505598,-3.745659
57.534733,-3.58001
56.431678,-5.301988
56.40082,-2.85219
57.137388,-2.86905
55.452146,-3.416645
55.35936,-5.701348
56.906666,-2.206872
56.016467,-3.565578
55.403358,-4.710071
56.131073,-3.731137
56.117435,-4.036149
54.854016,-5.124981
56.487028,-3.276345
56.468204,-3.356872
56.035765,-6.199614
55.170649,-3.27319
55.97191,-4.605458
55.8993,-3.592842
55.785571,-3.333042
57.520345,-3.262147
55.82794,-4.148725
55.595306,-3.46941
56.564299,-3.588139
57.08678,-4.105502
56.07947,-6.236541
56.316274,-3.965875
55.059072,-3.903766
57.686507,-2.680897
57.383488,-3.457053
55.704652,-3.998706
55.893872,-3.288781
55.875396,-3.336119
55.773508,-4.177617
55.10681,-4.70563
56.130388,-3.779378
55.534638,-2.714525
56.127748,-3.264417
56.476459,-3.422109
55.170218,-4.23881
55.189314,-4.177041
56.197531,-5.636616
55.485522,-3.623579
55.88904,-3.688362
55.915641,-4.713715
55.687435,-3.266074
55.943524,-4.219181
56.418442,-2.901213
57.593604,-3.114116
55.898456,-3.656783
56.212894,-2.735156
56.152566,-3.458416
55.888192,-4.29598
56.362179,-3.903483
57.26675,-3.452438
56.874362,-3.174666
55.997898,-2.618837
55.556298,-3.705771
55.74282,-3.857277
56.654616,-3.877416
55.13163,-4.377842
55.283595,-3.914501
56.152375,-3.474507
55.206455,-2.747917
55.871726,-3.639662
55.994505,-3.853299
57.039961,-3.237569
55.111451,-4.00033
55.790356,-2.775018
55.866757,-3.303862
56.526908,-2.806251
55.918449,-2.185572
55.707435,-4.349036
55.735272,-4.30292
55.160443,-3.73592
56.163374,-3.974159
57.625089,-4.153314
55.509157,-3.117833
56.582671,-3.556347
55.575517,-5.689939
55.728025,-3.633632
54.854197,-4.314744
56.417566,-3.014659
57.242351,-4.445853
55.015449,-3.057135
55.620457,-3.613273
57.272833,-3.68487
54.741255,-4.960888
57.694007,-2.91589
57.018957,-3.080398
55.972551,-3.483682
55.979146,-4.237251
57.054296,-3.14737
55.213818,-4.744334
56.201175,-4.379144
55.708515,-4.731171
56.092302,-3.215036
55.637067,-4.710303
55.936238,-4.122696
55.854314,-4.182136
55.692133,-4.204912
57.791456,-3.860383
57.163482,-3.795648
54.871656,-3.816994
56.530715,-3.391624
56.747244,-3.988337
55.230656,-3.110007
56.412715,-5.657143
56.2814,-3.17257
56.054231,-6.185552
55.628149,-3.708892
55.58083,-4.389067
55.664221,-5.730108
55.352779,-3.460412
57.264725,-3.618172
55.719636,-4.174617
56.010133,-4.495727
56.689601,-3.626068
55.959937,-2.93858
55.447079,-4.333534
55.788839,-4.322032
55.029067,-4.559543
55.833424,-4.34066
55.656996,-2.502193
56.283926,-2.86574
55.607452,-4.406564
56.212989,-2.719035
55.495267,-2.500133
55.599133,-3.850481
55.819226,-2.360649
57.300642,-3.61975
57.448668,-3.243013
57.585297,-4.368451
57.585196,-3.046957
55.928037,-4.554482
57.275143,-2.009934
57.075058,-2.785117
56.856703,-3.141313
57.027102,-3.9044
56.186695,-3.604731
56.623066,-3.883999
55.489807,-3.259726
54.998546,-3.744555
56.395994,-3.386705
56.56409,-3.604404
57.405152,-3.091745
55.908281,-3.59321
56.137527,-3.184278
56.696808,-3.757029
57.456973,-3.309965
55.197263,-4.680333
54.872346,-3.770269
56.33514,-3.190393
57.622774,-3.717788
56.298571,-3.948804
56.574094,-3.523438
55.473099,-4.382543
55.923802,-4.314093
56.172095,-3.990716
55.879885,-2.824754
57.261031,-3.883297
56.723045,-3.807282
57.256404,-2.440884
55.076209,-4.452885
57.515922,-3.645978
57.780959,-3.960755
56.024511,-2.683439
55.67366,-2.756808
57.492911,-3.995343
55.511816,-5.066041
57.799172,-3.944916
56.714766,-3.757866
55.069595,-4.084386
55.524007,-3.419227
56.433467,-3.242115
55.545533,-4.355219
55.679958,-3.854296
54.870466,-3.894864
55.019841,-3.495206
55.153005,-3.241241
57.65146,-3.585081
55.352966,-3.444647
54.635789,-4.860221
55.008543,-5.058779
57.059505,-2.108799
55.806268,-2.049431
55.660486,-3.265203
55.963607,-4.572851
55.646192,-2.835724
55.604665,-3.438013
55.837712,-2.057454
55.826242,-5.07478
55.822903,-4.419855
55.935682,-4.154688
57.3435,-4.768388
55.001296,-4.135569
55.961879,-2.63428
56.242362,-5.640869
56.507067,-3.829489
56.03261,-2.828009
57.328418,-3.554531
56.409803,-2.852391
56.640047,-3.248898
56.134792,-3.441651
57.744528,-3.992387
55.749367,-4.90934
57.226094,-3.815256
55.80604,-3.078463
54.91365,-4.895513
57.441571,-3.825919
55.964138,-3.435298
54.952063,-4.367222
55.818682,-4.164177
54.920476,-4.131284
56.183837,-4.345841
56.970817,-4.5432
55.788281,-2.081301
55.854393,-3.591004
56.112195,-3.794621
55.655715,-4.679794
56.038973,-4.401258
56.362982,-3.094141
57.703343,-2.865787
55.873924,-5.926157
55.945321,-4.587654
55.675744,-2.248023
55.79258,-2.232817
55.978489,-2.858903
55.592215,-4.262787
57.771458,-3.99387
54.879447,-3.895286
55.810241,-2.360566
57.364307,-2.40893
56.198035,-3.411788
57.03692,-3.08092
57.083381,-2.884285
55.988693,-3.628579
55.683816,-2.534345
57.565413,-3.246989
55.4023,-4.75739
57.476012,-4.444774
56.236141,-4.429725
56.364775,-2.867572
56.081287,-4.532474
56.73226,-3.791377
55.819788,-4.100385
55.336209,-5.572982
55.473783,-3.05355
55.216267,-3.596877
54.876494,-3.793831
55.752747,-3.79401
56.694864,-4.410215
55.576974,-4.579225
55.801159,-2.392386
55.428303,-3.115547
57.33802,-2.026563
56.66917,-3.804701
55.477208,-4.161241
56.489816,-2.967866
55.921014,-4.457981
56.98739,-3.523827
55.918302,-2.26557
56.874207,-3.191068
55.180053,-4.192242
55.909302,-4.121224
55.601785,-2.755423
55.043051,-4.309974
55.745468,-4.685947
56.680571,-2.646313
57.595215,-2.913404
56.072016,-4.949692
57.558373,-4.366702
55.159984,-2.966782
55.825874,-2.839573
55.909412,-2.217521
55.723691,-3.235404
55.826088,-2.807653
56.227794,-4.396928
57.405142,-2.251283
56.154651,-3.957611
56.227657,-3.154798
57.018813,-3.096865
55.837195,-2.360816
55.855618,-2.137351
55.973305,-3.419614
55.478567,-4.556963
57.00085,-3.096336
57.098927,-3.908083
55.787644,-3.125796
55.024796,-4.32457
55.855474,-2.233194
55.889764,-4.663924
55.762503,-4.288585
55.774894,-4.097969
56.950384,-2.585218
55.657344,-4.139366
54.811327,-4.203347
55.917377,-4.633808
56.081656,-6.172446
55.538591,-2.801748
56.703124,-3.937003
56.973737,-4.395298
55.229244,-4.855497
56.198928,-3.33123
54.924516,-4.396818
57.505828,-3.728979
55.680131,-3.090898
55.005628,-4.386016
56.038344,-4.433329
55.997461,-3.644983
55.942944,-4.251177
55.839116,-3.366812
55.788483,-3.030135
57.93055,-4.154692
55.213942,-4.304147
56.72953,-3.284553
56.051485,-6.26561
55.896012,-3.064967
55.656746,-4.632168
55.937013,-4.555073
55.182886,-4.915021
56.227199,-4.848661
55.849891,-4.637227
57.189698,-3.846567
57.125861,-3.909469
55.187183,-2.936028
55.833572,-3.797731
57.367678,-3.256899
56.653033,-3.67343
54.893437,-4.987649
55.983528,-3.30779
56.97736,-4.198054
55.997885,-3.612931
56.008289,-5.650893
55.675023,-4.156235
56.016787,-4.608481
55.87813,-2.081489
54.844942,-3.800218
55.843843,-4.708707
55.084231,-4.500386
57.477285,-3.060543
57.022817,-4.167786
57.570077,-4.216954
55.565113,-2.865714
56.669488,-4.326983
55.918229,-2.297569
55.062731,-3.653392
56.419966,-4.668461
55.018299,-5.028229
56.12581,-3.441315
56.469231,-3.259515
55.890318,-3.592474
56.727958,-4.069048
55.857213,-4.501889
56.717982,-3.512913
57.552269,-3.614193
57.34921,-3.306123
54.9765,-4.493683
56.012901,-5.795792
56.68321,-3.41357
56.992931,-4.330677
55.84347,-3.734301
55.094792,-4.422675
56.633278,-3.004141
56.651446,-3.787542
56.671641,-3.625294
55.738045,-2.455456
55.958825,-3.835573
56.097651,-5.353733
57.309834,-3.603552
55.068785,-4.797054
55.726592,-4.286483
56.017256,-5.65174
55.607069,-3.21586
55.846593,-2.169259
55.704899,-3.31438
56.239444,-2.8002
57.511909,-4.447176
55.718017,-5.735241
57.458288,-3.176667
56.15116,-4.166737
54.884112,-3.56812
55.914825,-4.313558
55.837946,-4.564541
56.06399,-4.499207
55.763087,-3.698852
55.826591,-4.67557
55.880707,-3.64004
55.978265,-4.285287
55.062776,-5.047253
55.587428,-3.373916
57.455895,-3.40993
55.666045,-4.155741
57.264998,-2.540463
57.122353,-2.142014
57.339702,-3.355629
57.723824,-4.159178
57.235547,-3.782582
57.03608,-3.904859
55.89053,-2.521195
56.026844,-4.079522
56.517788,-4.268904
57.706944,-3.453241
55.958724,-4.796848
55.84896,-3.287294
55.809331,-4.642463
54.869146,-4.876732
56.337826,-2.86696
55.513576,-3.125876
57.579345,-4.200791
56.24008,-4.220172
55.031135,-3.965031
57.608732,-3.758972
55.192234,-4.899989
57.001599,-4.347687
57.451864,-2.859834
55.789716,-2.87069
57.697575,-3.486423
55.620844,-4.62976
55.598162,-4.42187
55.763306,-3.682923
56.122496,-4.494957
55.697918,-3.855147
56.591447,-3.572993
55.499621,-3.893307
56.041908,-2.780054
57.20741,-3.864008
56.417432,-3.030865
55.486142,-3.576126
55.440645,-4.649379
56.170712,-4.554471
55.41163,-4.742239
55.494136,-4.45506
56.000973,-3.356486
56.52392,-3.180052
57.026243,-3.261824
55.961564,-4.668858
55.870902,-2.824564
57.548249,-3.162858
55.754982,-4.208458
55.864603,-2.137382
55.62115,-4.153276
57.291448,-3.635939
55.125819,-3.640315
55.585745,-3.516651
55.126237,-3.608965
55.834027,-4.308756
55.382704,-4.408678
56.050891,-2.780235
55.401943,-4.773162
56.325355,-3.270943
55.971814,-2.410134
57.01267,-2.701466
55.887455,-3.800222
55.774785,-2.105184
55.309018,-4.010267
56.422706,-4.052438
55.562463,-3.18277
56.621025,-4.014293
54.90594,-4.426915
56.568983,-3.165181
55.311498,-4.372839
57.568583,-4.300474
55.952363,-2.730209
55.810629,-6.462797
56.159543,-3.6197
55.629568,-4.185509
57.074627,-2.851087
56.042281,-4.224849
56.919885,-4.391846
55.848841,-3.974154
55.808119,-2.807281
56.06248,-5.487272
55.784863,-3.396805
57.060124,-4.0875
55.011623,-4.057916
55.731224,-5.744471
57.18994,-3.83003
55.332935,-5.683107
57.475934,-3.210587
54.999641,-3.66643
55.882485,-2.201386
57.429859,-3.325651
56.060074,-2.748303
55.428446,-3.099749
56.486344,-3.34128
56.317019,-3.205997
55.806316,-3.046561
55.883182,-4.071831
57.382088,-3.573437
57.707879,-3.369364
57.371866,-2.724938
54.919083,-4.209234
55.72573,-3.01256
55.978261,-2.890948
55.334351,-5.635913
55.51117,-3.719655
55.575281,-4.658444
55.625705,-2.462092
56.202963,-2.880033
55.403707,-4.694298
55.444747,-5.551159
55.527283,-5.495194
56.041485,-2.844251
56.41359,-3.419762
56.491476,-2.724296
56.716753,-3.6109
57.674281,-3.133357
55.837098,-2.392748
57.55839,-3.029474
55.062181,-4.248434
56.16125,-4.102886
57.607478,-1.926354
55.558831,-2.294845
57.619273,-4.471141
57.220531,-2.423897
55.927534,-4.106212
56.329564,-4.241542
55.457994,-5.710593
57.016406,-3.34384
55.970945,-2.618407
54.985722,-3.99407
56.912755,-4.292821
55.295651,-4.70272
55.116344,-4.235795
56.540056,-3.359442
55.495854,-4.589751
55.81971,-2.105305
55.969724,-2.826665
55.76841,-4.448364
56.823549,-2.779846
55.504186,-2.516077
55.792061,-4.609384
57.064808,-2.966295
55.231769,-4.745571
56.781552,-4.088368
57.468019,-3.093619
56.168259,-4.216024
55.505857,-3.434408
55.7658,-2.10516
55.77207,-4.257257
57.682956,-3.16717
56.213427,-3.621973
56.382964,-2.835596
54.88769,-3.942448
57.36723,-3.988512
55.82757,-5.969409
57.594895,-4.335606
55.967349,-2.402077
54.860737,-4.439781
55.790318,-4.242361
55.915983,-3.689533
55.792741,-2.121181
55.631981,-3.407244
55.906837,-2.825327
54.956396,-4.133186
55.825644,-4.276326
56.174346,-3.088768
55.792768,-2.089284
55.050576,-3.872053
55.962537,-2.490127
56.102739,-4.356985
55.73843,-4.127872
55.380859,-4.01391
55.544648,-3.166386
56.563245,-2.741939
56.85217,-5.027255
56.211072,-4.331378
55.052882,-3.715607
56.017461,-4.576432
55.946397,-4.940127
55.962133,-3.202943
55.909026,-4.137209
57.296943,-3.885133
57.355981,-2.043196
55.936198,-2.297707
55.968972,-3.755936
55.920988,-4.874168
56.461555,-5.19092
56.082044,-4.002139
55.583913,-2.739216
56.3419,-4.048095
56.468897,-3.291968
57.834294,-3.997341
57.387474,-3.057948
56.308943,-3.108759
55.047688,-4.302414
55.771777,-4.273184
56.198754,-3.347342
55.31986,-4.404864
57.278987,-3.884215
57.688792,-3.469289
56.468026,-3.373098
56.060635,-4.659637
55.511207,-2.86453
55.619117,-4.709063
56.143836,-4.06974
57.488997,-3.252724
55.683746,-2.550249
55.835612,-5.059545
55.423372,-4.616612
57.2032,-2.142324
55.169566,-2.888518
56.154137,-3.989787
56.006658,-4.20676
57.264926,-2.557041
56.110509,-3.90712
56.155797,-3.152641
56.153668,-3.361862
55.079534,-4.719457
55.299251,-4.057032
57.434674,-3.675645
55.765317,-2.360151
55.108064,-3.623911
55.539378,-4.656019
55.857257,-3.351473
56.199932,-3.234555
56.336456,-3.821314
54.817058,-3.861234
55.134801,-3.640683
56.671324,-2.695108
55.755596,-3.586978
56.719318,-3.398584
56.709966,-3.430909
55.55436,-3.087411
55.458688,-4.191862
56.308795,-3.868495
56.728423,-6.194865
55.672381,-3.758525
55.492674,-5.112057
57.551618,-3.6643
57.064282,-3.032244
55.517546,-3.181422
57.382499,-3.540185
55.603193,-4.152291
56.717171,-3.578238
57.040433,-2.537196
54.811044,-4.218895
56.068876,-3.680153
54.843032,-3.924727
55.794554,-3.333349
54.768084,-4.107717
55.83031,-3.350538
57.228808,-3.616599
55.879214,-4.29545
55.490395,-3.908693
55.573423,-5.118446
56.048463,-4.803343
57.093323,-2.735994
55.377529,-3.634935
57.041169,-2.322975
55.874939,-5.894268
55.931802,-4.794906
55.710969,-2.486971
55.916301,-4.233628
55.733754,-4.382475
55.506042,-3.418581
55.073951,-4.092445
55.716716,-4.333671
57.586837,-4.284896
55.971321,-2.538303
54.920201,-4.146875
57.049681,-2.471397
56.068859,-2.780599
56.445076,-4.313243
55.926694,-4.61843
55.413108,-2.751818
57.059046,-2.356105
55.21452,-4.712938
55.753034,-4.750222
57.808148,-3.9454
55.978708,-2.826857
55.085187,-4.453435
55.891469,-2.201432
55.486282,-2.500019
55.601515,-4.691972
55.904937,-4.360966
55.980574,-4.157184
57.119309,-2.885141
57.06468,-2.982783
54.85207,-4.423678
55.083909,-4.516036
56.229329,-4.316353
56.217734,-3.251253
56.129145,-3.119667
55.317812,-5.587093
55.828576,-2.201107
56.651211,-3.803843
55.53707,-3.007706
55.649577,-3.439659
55.830484,-3.334579
56.081942,-4.50037
55.724129,-3.90416
57.079949,-3.973109
55.356349,-4.801529
57.591921,-3.984032
55.972247,-4.589453
56.573486,-3.572247
55.72385,-3.219487
55.419319,-3.115293
57.32488,-3.022934
56.644487,-3.640434
55.774666,-2.200829
55.922828,-4.79426
55.864658,-2.073472
57.07379,-2.966529
56.191324,-3.911128
55.855599,-2.153324
57.685866,-4.274352
56.705556,-3.773772
56.279172,-5.612045
55.820655,-4.531472
55.765769,-2.137034
55.045689,-4.623226
57.006885,-3.392895
56.251328,-5.641721
55.506153,-4.527077
57.442285,-3.775966
56.180614,-3.362817
55.719684,-2.550754
56.481993,-2.805299
55.888761,-2.840931
54.871557,-4.346912
55.357919,-5.748568
56.231609,-3.211377
56.173365,-3.910236
55.306034,-5.68061
56.041991,-4.240888
56.083785,-3.166559
55.678615,-3.249885
56.545181,-2.757849
55.857081,-3.367443
55.784681,-3.412745
57.174284,-3.66384
57.056663,-2.850675
55.980744,-2.426254
56.324848,-3.319439
56.707773,-3.610516
55.756936,-4.097004
56.66089,-3.755357
56.166308,-3.781039
55.67571,-2.263923
55.727467,-2.773771
57.203233,-2.109222
55.605222,-4.517569
55.752278,-3.061046
57.211479,-3.566168
56.236021,-3.219583
55.943575,-3.642697
55.801036,-4.609985
55.965695,-2.75449
57.477144,-3.077216
56.148808,-3.748033
55.662547,-4.346345
54.969407,-4.399493
54.991704,-3.587945
57.525199,-4.214228
56.407075,-3.905725
57.048411,-2.735105
56.427879,-2.836581
55.058329,-3.950705
55.765813,-2.089222
56.362394,-3.15887
55.977492,-3.788376
55.082135,-3.544528
56.721205,-3.218907
57.230215,-2.059612
55.779365,-3.045839
55.535312,-2.587784
55.521769,-4.638987
55.684499,-2.343503
54.994703,-3.994516
55.557792,-3.594849
55.691857,-6.51293
56.346764,-4.728086
55.863374,-3.591371
55.921474,-3.225687
55.900178,-2.329416
55.60738,-3.184122
56.009598,-3.388866
57.44353,-4.259284
55.825049,-4.308224
56.212281,-2.831879
55.81986,-3.477864
55.378245,-5.671529
55.097134,-4.736329
57.503577,-4.413232
57.005942,-3.475188
55.327241,-5.572174
55.862531,-3.655253
56.130581,-4.31041
56.284193,-5.095309
57.694803,-2.79848
56.27648,-2.607181
55.852281,-4.293861
55.211295,-4.854211
57.283521,-3.552637
56.110201,-5.547909
55.485624,-4.193358
56.260768,-5.626464
55.973247,-4.541434
57.452506,-4.259838
55.926704,-4.154189
56.316037,-3.302968
57.381239,-3.639937
55.36138,-3.492282
55.778061,-3.189293
57.079689,-3.989596
56.66328,-2.499189
55.04111,-3.902914
55.915315,-3.737508
56.102264,-3.858474
56.719519,-4.035899
55.397778,-4.551742
55.21859,-3.408334
56.07051,-6.235556
55.871078,-3.687583
55.896668,-3.784655
55.310258,-4.435801
57.355986,-2.026576
57.375623,-3.356955
55.690663,-2.900302
57.740906,-4.210601
57.022733,-2.471056
55.856887,-4.517848
54.958864,-4.476969
55.658745,-3.4241
56.753359,-2.434971
55.486205,-4.620778
55.84498,-5.044304
56.241886,-5.656971
57.345751,-3.605118
55.727049,-2.837451
56.750772,-4.536481
55.239421,-3.86519
55.620871,-4.169143
55.864584,-2.15336
56.101179,-4.437293
57.313288,-3.304849
55.81727,-5.074071
55.435626,-4.459329
55.688453,-3.886516
54.947141,-4.148311
56.424783,-3.922826
56.062646,-6.202541
55.319723,-4.830473
56.805685,-2.763099
56.155406,-3.909344
55.564279,-2.97669
55.84792,-3.383093
56.184142,-4.329744
56.157237,-4.762947
55.881546,-2.521075
57.040484,-4.185299
55.49879,-3.260013
55.748934,-3.39552
55.807906,-2.839186
56.514782,-3.19602
54.821421,-4.141629
57.420343,-3.37526
55.958378,-5.181408
56.931007,-4.277505
57.119537,-2.852117
57.423114,-3.092279
55.853455,-4.23002
56.023449,-4.271909
57.346858,-2.192729
55.229124,-3.267195
57.319438,-3.554152
55.422128,-5.707225
55.746908,-2.487419
54.95431,-5.070277
55.321523,-4.751776
57.54378,-2.461057
56.188564,-5.635766
56.640528,-3.199997
55.847583,-4.533223
57.716492,-3.403263
57.144562,-3.860846
56.24517,-5.544248
55.923197,-4.34607
56.669182,-4.343286
56.785419,-3.843021
57.763775,-3.909391
56.299815,-3.124654
55.965825,-4.22847
56.719251,-4.052227
55.94014,-3.882724
55.909163,-2.329492
54.838548,-4.640915
55.670566,-3.15423
55.573984,-2.881769
57.328212,-3.571133
55.507609,-3.276128
55.644055,-3.105784
55.999174,-4.591254
55.591552,-3.754908
55.929961,-4.874833
55.354638,-5.708799
56.364285,-4.308345
56.523607,-3.212553
56.712606,-3.904813
56.080957,-4.548525
56.591652,-3.556716
55.842249,-3.047527
56.034118,-6.247627
55.647945,-2.517967
56.023249,-5.443596
55.404262,-3.651833
55.887591,-4.327929
56.38961,-3.872452
55.675376,-4.601606
57.281812,-3.68528
55.545957,-3.800428
57.522474,-4.364375
55.915422,-4.281587
55.510863,-2.912027
57.707325,-3.419691
57.504504,-3.027956
57.251552,-3.915967
55.435307,-4.475118
56.5499,-3.27846
54.987364,-4.400564
55.89011,-3.608456
55.357778,-4.738513
57.671494,-2.923705
57.413228,-3.191869
57.669904,-2.345312
57.005531,-2.174494
57.942012,-4.003325
56.987565,-2.17441
55.783027,-2.440036
57.726309,-4.008179
56.099578,-6.174388
56.145925,-3.941069
57.101604,-4.733801
54.985797,-4.478628
56.642261,-3.004379
55.652296,-3.185477
56.336442,-4.3552
56.213206,-4.670199
55.819723,-2.089346
57.099353,-3.132256
54.99665,-4.385483
55.994263,-3.869321
55.945797,-3.466646
57.367511,-3.27352
57.769831,-4.094665
55.533778,-4.005874
55.898239,-3.672768
55.373,-5.544722
56.059668,-2.81253
55.821151,-3.366182
55.355519,-5.527375
55.96283,-2.410039
57.815536,-4.046809
55.439956,-4.680957
55.85023,-3.159551
56.422006,-3.468714
55.458314,-2.705237
55.41301,-2.767611
55.075037,-3.387622
55.881613,-2.505091
56.800586,-4.023915
56.58226,-3.588893
54.94741,-3.859447
55.171074,-4.191749
55.359837,-5.685607
55.681569,-6.03417
55.422605,-5.691459
55.706822,-4.380835
55.849925,-3.191488
55.427776,-3.889866
55.606825,-4.438282
55.349915,-5.716247
55.647525,-4.18651
55.566146,-3.642763
55.840786,-3.207177
56.042818,-2.619556
57.211103,-2.539674
57.065865,-2.817904
55.950831,-2.954373
56.089577,-4.967114
55.86415,-2.361066
56.308499,-3.157237
56.680307,-2.695274
55.764939,-2.471707
55.671426,-3.058856
57.63106,-3.768426
56.385104,-4.617417
55.738774,-2.168792
55.046005,-3.558789
55.863865,-4.614199
57.025208,-3.360632
57.827612,-3.845406
55.766185,-4.08156
56.06821,-3.728317
55.221698,-3.848639
57.641882,-4.221331
57.08404,-2.785307
55.161023,-2.825545
55.875739,-3.304163
55.382133,-3.935045
55.402266,-5.768573
55.338037,-4.816008
57.583039,-3.281043
57.477962,-4.086266
56.154529,-3.281396
56.011371,-5.217861
55.65774,-2.263802
55.39701,-5.491576
55.640595,-3.439329
57.754543,-3.925711
55.547471,-2.817778
55.853863,-4.661466
55.611144,-2.692104
55.266841,-3.834996
57.527545,-3.429395
57.322095,-3.321768
57.726197,-3.336473
57.500541,-4.07921
55.365426,-5.796642
55.367849,-5.71793
55.537815,-2.912651
55.331254,-4.279419
55.618411,-4.740782
55.03803,-4.090571
56.291121,-3.092086
56.201791,-4.346937
56.786135,-3.793945
56.877447,-4.257833
55.905879,-3.76908
56.352189,-3.967723
55.765915,-4.097487
54.925075,-3.850613
55.755955,-2.471598
56.322582,-4.127923
55.96171,-2.666313
55.377358,-2.719577
56.744375,-2.434867
55.93438,-3.658317
55.848621,-3.319228
55.088509,-4.720066
55.192521,-3.328869
55.120942,-3.969439
56.414522,-4.003363
57.433954,-4.292016
55.530233,-4.211687
55.837693,-2.089387
56.336748,-4.33904
55.903379,-4.440866
55.821631,-4.483638
54.960279,-3.89909
56.267575,-2.590894
56.287666,-5.629014
54.854154,-3.78505
56.09154,-3.970482
57.02556,-4.003178
56.44914,-3.453536
57.349381,-3.289511
55.863577,-2.520834
57.749927,-3.933868
56.181842,-3.942882
56.617045,-2.759288
55.371879,-4.013454
56.396352,-3.354315
55.074607,-4.531119
54.914633,-3.943746
55.730603,-3.426715
55.467135,-3.654461
56.630221,-3.33008
55.407491,-5.595224
55.717017,-4.317767
55.833726,-4.324708
57.608737,-3.399107
56.645247,-2.515257
54.979202,-3.837476
57.578163,-4.267626
55.815164,-4.355525
56.149332,-4.714072
56.67907,-4.294922
55.709598,-2.757503
55.187978,-2.826102
55.24572,-3.393563
56.414491,-3.33875
57.022531,-4.184245
57.245896,-3.68364
56.248754,-4.688819
57.031587,-2.504118
57.915082,-4.001825
55.870067,-6.309652
56.534069,-3.050292
56.409685,-3.727562
55.596935,-3.326637
57.592677,-4.452602
56.155654,-3.893255
56.699076,-4.181799
55.964688,-3.387257
55.953187,-3.595055
57.364742,-3.522815
56.576656,-3.979371
56.887653,-2.551413
54.829003,-4.21988
55.576303,-4.610914
56.865534,-3.157986
57.384056,-3.40717
55.314177,-2.7657
57.581716,-4.552241
57.405007,-3.108384
55.292799,-4.828555
55.695412,-4.014147
55.908059,-4.649177
54.868971,-3.988301
57.104006,-2.340029
56.285301,-2.639627
56.736664,-4.085877
55.962337,-2.538178
55.21417,-4.728636
56.677228,-4.392762
56.407032,-4.845881
57.338003,-3.505093
57.232116,-3.335112
56.273437,-3.059285
57.122411,-2.075953
55.61084,-3.660508
55.068053,-3.904193
57.2352,-3.003882
55.585547,-3.53251
56.018784,-4.512332
55.889076,-4.248056
55.376081,-4.723991
56.007811,-4.607875
56.08688,-4.243495
55.8283,-2.328808
55.036382,-4.184386
56.618281,-4.177135
55.206422,-4.225126
54.860746,-3.941152
55.518067,-3.862513
55.441488,-5.661588
55.77268,-2.726845
56.671502,-2.662476
57.443873,-3.659403
55.927259,-4.122205
56.264591,-3.042895
55.904705,-3.849012
55.092709,-4.046409
57.118288,-7.297288
55.579894,-4.436611
55.794438,-6.413042
55.11663,-4.220129
55.828061,-2.408619
55.604478,-3.453879
55.967469,-4.3808
55.917054,-3.609572
57.048313,-2.751586
56.378868,-3.985295
54.99748,-3.056662
56.739007,-3.235831
55.953898,-2.39393
55.792684,-2.169025
56.419265,-4.700844
55.514637,-5.620844
56.009904,-5.891804
54.732281,-4.960233
56.969346,-2.305905
55.93152,-3.113959
55.919897,-4.025777
55.945412,-3.498657
57.106883,-3.974541
